,tweet,language
0,,hi
1,extend condolences family gen bipin rawat wife unprecedented tragedy thoughts family difficult time heartfelt condolences also others lost lives india stands united grief,en
2,hoping safety cds general bipin rawat wife others onboard chopper prayers speedy recovery,en
3,,hi
4,msp,hi
5,pm,hi
6,,hi
7,heart wrenching goi must give real reply exactly home ministry neither civilians security personnel safe land,en
8,,hi
9,comes people pain amp loss goi sleeping let wake,en
10,,hi
11,interaction members press farmers crisis,en
12,pm msp,hi
13,,hi
14,want,hi
15,,hi
16,,hi
17,msp,hi
18,,hi
19,,hi
20,,hi
21,new variant serious threat high time goi gets serious providing vaccine security countrymen bad vaccination figures hidden long behind one man photo,en
22,,hi
23,,hi
24,first death anniversary remember shri ahmed patel ji great respect affection losing tremendous loss congress family memory remains guiding light party dearly missed,en
25,,hi
26,gst,hi
27,,hi
28,pm continues,hi
29,floods causing serious damage andhra pradesh condolence lost loved ones dear congress workers please help ways possible,en
30,,hi
31,,hi
32,,hi
33,,hi
34,,hi
35,,hi
36,punishment speaking truth clear falsehood power,en
37,,hi
38,,hi
39,brothers amp sisters kerala braving heavy rains appeal congress workers help every way possible please take care follow safety guidelines,en
40,,hi
41,need generation peace pandit jawaharlal nehru remembering india first prime minister greatly valued truth unity peace,en
42,bitcoin scam big bitcoin scam cover much bigger cover someone fake big ego,en
43,,hi
44,mr,hi
45,national security unpardonably compromised goi strategy mr scared thoughts soldiers risking lives guard borders goi churns lies,en
46,incessant rains chennai become cause worry requesting brothers amp sisters state follow safety measures appeal congress workers please help relief amp rescue work take care,en
47,,hi
48,,hi
49,,hi
50,,hi
51,,hi
52,,hi
53,pointing call corrective action bjp favourite cover tactic shooting messenger truth silenced,en
54,,hi
55,interaction dinner friends st joseph matric hr sec school mulagumoodu kanyakumari tn visit made diwali even special confluence cultures country biggest strength must preserve,en
56,slightly smiling face,und
57,,hi
58,,hi
59,,hi
60,business people farmers victims goi bad policies repair economy save lives,en
61,,hi
62,every victory congress victory party worker keep fighting hate fear,und
63,dear virat people filled hate nobody gives love forgive protect team,en
64,goa deserves capable leadership goa deserves cultural conservation goa deserves congenial development goa deserves congress stand goa better tomorrow,en
65,,hi
66,,hi
67,state india formed foundation democratic values need protected costs best wishes brothers amp sisters state formation days,en
68,,hi
69,,hi
70,,hi
71,let kick new era goa,en
72,dear fisherfolk brothers amp sisters interaction today sea emotions together let save spirit environment culture goa,en
73,live interaction goa fisherfolk special lives livelihoods need special attention,en
74,,hi
75,heartfelt condolences family friends fans kannada actor puneeth rajkumar gone soon,en
76,,hi
77,,hi
78,,hi
79,,hi
80,,hi
81,live interaction press regarding threat national privacy goi pegasus spying,en
82,,hi
83,jumla version vaccine story save lives actual vaccination,en
84,,hi
85,mohammad people filled hate nobody gives love forgive,en
86,,hi
87,,hi
88,usual doublespeak,en
89,goi playing cruel joke public,und
90,,hi
91,,hi
92,,hi
93,best wishes occasion milad un nabi may guided spirit compassion peace amp brotherhood,en
94,stop,hi
95,,hi
96,thoughts people kerala please stay safe follow safety precautions,en
97,goi foreign policy lose friends influence nobody,en
98,,hi
99,,hi
100,,hi
101,mr,hi
102,,hi
103,china stay land,en
104,pm silent pm violent,hi
105,,hi
106,,hi
107,,hi
108,lpg,hi
109,,hi
110,,hi
111,folded hands,hi
112,,hi
113,,hi
114,,hi
115,,hi
116,live,hi
117,,hi
118,,hi
119,,hi
120,mr,hi
121,condolences family friends smt tajdar babar ji remember commitment towards people delhi values congress party,en
122,,hi
123,,hi
124,,hi
125,,hi
126,,hi
127,,hi
128,,hi
129,,hi
130,,hi
131,mr scared china mr,en
132,assam state sponsored fire stand solidarity brothers sisters state children india deserve,en
133,,hi
134,,hi
135,,hi
136,facing new war paradigm borders ignoring work,en
137,congratulations shri charanjit singh channi ji new responsibility must continue fulfill promises made people punjab trust paramount importance,en
138,event,und
139,looking forward many days crore pace country needs,en
140,,hi
141,freedom courage equality thinking great birth anniversary,en
142,happy birthday modi ji,en
143,spent time family shri oscar fernandes ji paid last respects friend guide true soldier congress party,en
144,,hi
145,,hi
146,,hi
147,heartfelt condolences family friends shri oscar fernandes ji personal loss guide mentor many us congress party missed fondly remembered contributions,en
148,,hi
149,sunday monday,hi
150,,hi
151,thumbs,hi
152,,hi
153,,hi
154,,hi
155,silent observations,en
156,,hi
157,goi blind students distress postpone exam let fair chance,en
158,come end celebrate winners must congratulate participants gave best even win medal india embracing everyone win hard work intentions matter,en
159,,hi
160,,hi
161,,hi
162,main exam breached students appearing competitive exams prepare hard battling difficulties various kinds nation owe fair exam goi better providing cover ups,en
163,psu psb msme,hi
164,,hi
165,gdp,hi
166,live conversation members press regarding goi relentless price hike,en
167,,hi
168,struggle freedom understand,en
169,,hi
170,congratulations sumit antil nation applauds record breaking grit determination,en
171,,hi
172,devendra jhajharia sundar singh gurjar respectively men javelin throw f event big congratulations good morning sports india,en
173,congratulations yogesh kathuniya nation stands proud inspirational achievements,en
174,morning starts great news avni lakhera winning big congratulations another daughter makes india proud,en
175,,hi
176,big day sports india vinod kumar wins men discus throw f setting new asian record congratulations whole country joins celebrating achievement,en
177,another india national sports day congratulations nishad kumar stellar performance done country proud,en
178,,hi
179,congratulations bhavina patel winning india applauds achievement done nation proud,en
180,,hi
181,bjp income rose bjp,en
182,,hi
183,,hi
184,thumbs thumbs,und
185,rising numbers worrying vaccination must pick pace avoid serious outcomes next wave please take care goi busy sales,en
186,,hi
187,,hi
188,pm,hi
189,great going ravi dahiya congratulations wrestling way,en
190,,hi
191,congratulations indian men hockey team big moment whole country proud achievement well deserved victory,en
192,congratulations boxer done country proud,en
193,tweet withheld india response legal demand learn,hi
194,pm,hi
195,,hi
196,,hi
197,one priority country people,und
198,,hi
199,mr modi minions ceded thousands km indian land china exactly getting back,en
200,indian hockey team well played thumbs thumbs,en
201,big congratulations pv sindhu winning second medal india,en
202,,hi
203,,hi
204,,hi
205,,hi
206,rising cases coronavirus infections kerala worrying appeal brothers sisters state follow safety measures amp guidelines please take care,en
207,massive corruption deal right know speak mind even minority one truth still truth mahatma gandhi,en
208,,hi
209,,hi
210,sitting entire opposition extremely humbling amazing experience wisdom insight everyone present,en
211,,hi
212,,hi
213,heartfelt condolences families killed hope injured recover soon hm failed country yet sowing hatred distrust lives people india reaping dreadful consequences,en
214,india proud effort another step towards success,en
215,,hi
216,,hi
217,goi clueless handle china ignoring actions cause huge problems future,en
218,,hi
219,,hi
220,,hi
221,,hi
222,congratulations country first medal first day india proud daughter,en
223,,hi
224,people lives line goi admits timeline classic case missing spine,en
225,heartfelt condolences bereaved families appeal congress workers assist relief rescue work rains continue cause disaster disruptions many parts maharashtra please stay safe,en
226,pm hm,hi
227,best indian athletes participating pandemic rendered olympic games one kind please stay safe best wishes,en
228,thoughts brothers sisters telangana facing massive floods appeal congress workers provide possible assistance rescue operations still warnings heavy rainfall please take care stay safe,en
229,,hi
230,,hi
231,,hi
232,truth goi wrong decisions covid second wave killed lakh sisters brothers mothers fathers,en
233,,hi
234,everyone,hi
235,,hi
236,,hi
237,,hi
238,know reading everything phone,en
239,,hi
240,thank superb book recommendations one absolutely love,en
241,congress,hi
242,,hi
243,,hi
244,wondering guys reading days,en
245,condolences family friends danish siddiqui appeal goi facilitate bringing mortal remains back home earliest,en
246,,hi
247,welcome observation supreme court,und
248,,hi
249,,hi
250,goi use foreign defence policy domestic political tool weakened country india never vulnerable,en
251,,hi
252,come rain shine respite goi economic mess,en
253,,hi
254,thoughts prayers people himachal pradesh amp uttarakhand appeal congress workers affected areas lend helping hand please stay safe,en
255,,hi
256,condolences passing supreme head malankara orthodox syrian church india holiness baselios marthoma paulose ii along contributions religious head remembered humanitarian work homeless,en
257,,hi
258,,und
259,,hi
260,please keep guard follow precautionary protocols,en
261,,hi
262,pm,hi
263,mean vaccine shortage,en
264,shri virbhadra singh ji stalwart true sense commitment serving people congress party remained exemplary till end condolences family friends miss,en
265,,hi
266,heartfelt condolences family friends amp fans dilip kumar ji extraordinary contribution indian cinema remembered generations come,en
267,congratulations prof,en
268,,hi
269,fill blank psu psb,hi
270,heartfelt condolences passing father stan swamy deserved justice humaneness,en
271,truth silenced unlike modia,en
272,jpc,hi
273,,hi
274,mind gap,en
275,bleeding debt,en
276,,hi
277,,hi
278,every single moment spend saving lives indebted,und
279,sc,hi
280,,hi
281,long inconvenient queues public transport due covid restrictions see rates petrol diesel city find real reason,en
282,,hi
283,fm,hi
284,,hi
285,,hi
286,,hi
287,,hi
288,,hi
289,,hi
290,,hi
291,today msme sector employers facing unemployment pm distracting india present theatrics toying future,en
292,whole secret existence fear,en
293,pr,hi
294,,hi
295,,hi
296,idea behind white paper report provide insights amp information avoidable deaths prevented coming waves goi must work constructive inputs interest country,en
297,live release white paper goi management covid amp interaction press,en
298,,en
299,,hi
300,,hi
301,phd,hi
302,grateful wishes special thanks congress family love blessings amp support,und
303,thank,en
304,,hi
305,thank,en
306,,hi
307,thank,en
308,thank,en
309,thank,en
310,thank,en
311,thank,en
312,thank,en
313,thank,en
314,thank,en
315,,hi
316,thank,en
317,thank,en
318,,hi
319,shri milkha singh ji sports star source inspiration millions indians dedication resilience condolences family friends india remembers,en
320,rare day goi hike fuel prices exception proves rule prices increased everyday,en
321,congress president smt sonia gandhi pleasure meeting tamil nadu chief minister shri k stalin smt durgavathy stalin earlier today keep working dmk build strong amp prosperous state tamil people,en
322,,hi
323,sad hear demise dr kenneth david kaunda champion african freedom continue source inspiration generations come condolences family friends people zambia,en
324,result goi pandemic mismanagement must look future rebuilding country begin pm acknowledges mistakes amp seeks help experts living denial solve anything,en
325,salute one doctors risking lives save nation corona crisis martyrs braved adversities amp hardships never gave condolences honour calling family amp friends,en
326,pm,hi
327,india needs quick amp complete vaccination bjp usual brand lies amp rhyming slogans cover vaccine shortage caused modi govt inaction goi constant attempts save pm fake image facilitating virus amp costing people lives,en
328,,hi
329,,hi
330,,hi
331,goi modi mitr centric privatisation drive help public nyay,en
332,,hi
333,goi efficient ministry secret ministry lies amp empty slogans,en
334,,hi
335,children future deserve education health smiles let make every day,en
336,,hi
337,received tragic news passing dr ashok panagariya many contributions field neurology remembered long time come condolences bereaved family,en
338,gdp crashing unemployment soaring fuel prices skyrocketing many ways,en
339,,hi
340,alethophobia fear truth,en
341,online walk,hi
342,story melghat forest proves power local languages need conserve one congratulations local administration attaining vaccination korku speaking population area,en
343,,hi
344,,hi
345,one simple question vaccines free private hospitals charge,en
346,blue ticks,en
347,,hi
348,,hi
349,malayalam indian indian language stop language discrimination,en
350,,hi
351,earth environment responsibility,en
352,doctors need protection coronavirus well bjp governments callousness save saviours,en
353,,hi
354,perception strong sight weak strategy important see distant things close take distanced view close things miyamoto musashi,en
355,goi hiding actual covid deaths,en
356,,hi
357,pm hall shame minimum gdp maximum unemployment,en
358,black fungus amphotericin b,hi
359,modi govt non vaccination strategy dagger bharat mata heart tragic truth,en
360,,hi
361,one man arrogance one virus mutants,en
362,full marks,en
363,,hi
364,pm,hi
365,,hi
366,bring country together shut space viral spread stop lies vaccinate extensively,en
367,live interaction members press goi covid vaccine disaster,en
368,enemy fear think hate fear mahatma gandhi,en
369,positivity pr pm,hi
370,positivity pr stunt hide actual number corona deaths pm actions caused,en
371,,hi
372,evil unchecked grows evil tolerated poisons whole system remembering wise words pandit jawaharlal nehru death anniversary,en
373,numbers lie goi,en
374,lakshadweep india jewel ocean ignorant bigots power destroying stand people lakshadweep,en
375,,hi
376,truth remains unafraid,und
377,moving towards bengal odisha bay bengal appeal congress workers provide assistance ensuring safety affected please follow precautionary measures,en
378,,hi
379,vaccination key controlling pandemic goi seem care,en
380,,hi
381,,hi
382,vaccines lowest gdp highest covid deaths goi response pmcries,en
383,crocodiles innocent,und
384,pm,hi
385,mr modi vaccinate procrastinate,it
386,truth compassion progress,en
387,true ignorance absence knowledge refusal acquire karl popper,en
388,children amongst worst hit covid trauma many lost parents dreadful situation congress president makes important suggestion safeguard future amp provide free education nvs high time goi listened,en
389,,hi
390,gst,hi
391,,hi
392,,hi
393,,hi
394,time come children need protection corona paediatric services vaccine treatment protocol already place india future needs present modi system shaken sleep,en
395,goi failed managing covid crisis also standing people numerous individual stories strength amp altruism everyday immense gratitude heroes dedicated serving others showing world india truly stands,en
396,lot common pmcares ventilator pm much false pr respective jobs nowhere sight needed,en
397,pmcares pm,hi
398,arrest,hi
399,sad loss friend rajeev satav leader huge potential embodied ideals congress big loss us condolences love family,en
400,becoming stronger please continue follow safety guidelines renewing appeal congress workers provide assistance,und
401,goi disastrous vaccine strategy ensure devastating third wave repeated enough india needs proper vaccine strategy,en
402,,hi
403,issued kerala maharashtra goa tamil nadu gujarat karnataka cyclone tauktae already causing heavy rains many areas appeal congress workers provide possible assistance need please stay safe,en
404,,hi
405,,hi
406,goi vaccine policy compounding problem vaccine purchase centralised distribution decentralised india afford,en
407,saddened hear demise smt indu jain times group chairman heartfelt condolences family times group,en
408,,hi
409,,hi
410,,hi
411,country faces crisis govt ask taking people giving helpful harmful goi abdicated duty people must come together need india stands united,en
412,pm gst pm,hi
413,,hi
414,,hi
415,wishes nursing away pain suffering world salute contribution admire altruistic spirit thank nurses,en
416,pm,hi
417,heartfelt condolences family k r gouri amma ji tall presence kerala politics remains source inspiration many paying homage brilliant life journey,en
418,country needs helping hand distressing times let bit save lives join campaign strengthen fight corona,en
419,nowin,hi
420,,hi
421,goi repeated chest thumping receiving foreign aid pathetic goi done job come,en
422,,hi
423,pm,hi
424,movid pandemic,en
425,vaccine budget underutilized human life undervalued pm ego overinflated,en
426,pm,hi
427,,hi
428,central vista criminal wastage put people lives centre blind arrogance get new house,en
429,pm,hi
430,,hi
431,,hi
432,murder cover condolences families victims,en
433,questions covid foreign aid supplies india received benefitting allocated states transparency answers goi,en
434,,hi
435,heartfelt condolences passing grace rev dr philipose mar chrysostom mar thoma valiya metropolitan thirumeni kindness received love amp affection communities fondly remembered,en
436,crores central vista fully vaccinating crore indians crore oxygen cylinders give crore families nyay pm ego bigger people lives,en
437,want make clear lockdown option complete lack strategy goi allowed rather actively helped virus reach stage way stop crime committed india,en
438,goi get way stop spread corona full lockdown protection nyay vulnerable sections goi inaction killing many innocent people,en
439,died killed heartfelt condolences families much suffering system wakes,en
440,policy paralysed goi secure victory virus face fake,en
441,happy congratulate mamata ji people west bengal soundly defeating bjp,en
442,humbly accept people mandate sincere gratitude workers amp millions people supported us ground continue fight values ideals jai hind,en
443,congratulations shri mk stalin victory people tamil nadu voted change leadership prove confident step direction best wishes,en
444,,hi
445,interview pti covid crisis india goi incompetence,en
446,shortage crisis vaccine oxygen amp medical supply real unlike pm image,en
447,india needs stand together help people launched hello doctor medical advisory helpline please call medical advice dear dr amp mental health professionals need help please enroll,en
448,best wishes gratitude amp respect workers amp labourers backbone society nation amp always indebted,en
449,,hi
450,,hi
451,,hi
452,free fri adjective adverb costing nothing needing paid e g india must get free covid vaccine citizens must receive inoculation free charge let hope get time,en
453,untimely demise malappuram dcc president amp udf nilambur candidate v v prakash ji extremely tragic remembered honest amp hardworking member congress always ready offer help people heartfelt condolences family,en
454,people money given vaccine companies develop covid vaccines goi make people pay highest price world vaccines failed system fails citizens modi mitrs profit,en
455,central vista essential central govt vision essential,en
456,,hi
457,modi government must realise battle covid congress political opponents,en
458,,hi
459,,hi
460,system victim,hi
461,shroud truth deny oxygen shortage underreport deaths goi everything save fake image,en
462,system failed important jan ki baat crisis country needs responsible citizens request congress colleagues leave political work provide help ease pain countrymen dharma congress family,en
463,,hi
464,,hi
465,india needs mr lying machine,en
466,pr,hi
467,covid crisis tests vaccine oxygen icu priorities,en
468,corona cause fall oxygen level amp lack icu beds causing many deaths goi,en
469,,hi
470,,hi
471,india still covid strategy exporting oxygen amp vaccines people dying nothing short crime,en
472,news patients death nashik zakhir hussain hospital extremely tragic heartfelt condolences aggrieved families appeal state govt party workers provide possible assistance,en
473,,hi
474,,hi
475,,hi
476,india gasping thanks goi incompetency amp complacency,en
477,experiencing mild symptoms tested positive covid contact recently please follow safety protocols stay safe,en
478,free vaccines yr olds middlemen brought without price controls vaccine guarantee weaker sections goi vaccine discrimination distribution strategy,en
479,,hi
480,dear dr manmohan singh ji wishing speedy recovery india needs guidance advice difficult time,en
481,goi utterly ungrateful,en
482,chinese occupation gogra hot springs amp depsang plains direct threat india strategic interests including dbo airstrip national security massively jeopardised goi wasteful talks nation deserves better,en
483,,hi
484,view covid situation suspending public rallies west bengal would advise political leaders think deeply consequences holding large public rallies current circumstances,en
485,,hi
486,icu,hi
487,need humility clear vaccine strategy amp income support contain virus related damage goi mix arrogance suppression truth killing lakhs people,en
488,,hi
489,,hi
490,pmcares,hi
491,,hi
492,first ignore laugh fight win,en
493,greetings occasion vishu hope new year brings new prospects better health peaceful times,en
494,india proving indeed possible regress time today remember babasaheb asked difficult questions helped put country path progress,en
495,,hi
496,,hi
497,,hi
498,,hi
499,,hi
500,light devastating corona second wave conducting exams must reconsidered stakeholders must consulted making sweeping decisions many counts goi intend play future india youth,en
501,msme,hi
502,india needs jobs amp jabs bjp govt gives jumlas amp jibes,en
503,,hi
504,heartfelt condolences majesty queen family people britain passing royal highness prince philip duke edinburgh,en
505,dear students pm said answer questions without fear amp nervousness please ask took money corruption scandal deleted anti corruption clauses contract gave middlemen access key defence ministry documents,en
506,years ago nsui founded fight students rights today students targeted academic freedom curbed nsui must play even bigger role raising voice injustices power,en
507,,hi
508,pm,hi
509,,hi
510,ridiculous debate needs amp wants every indian deserves chance safe life,en
511,,hi
512,,hi
513,karma ledger one actions nobody escapes,en
514,cast votes today india counting,en
515,indian jawan face enemy without body armour st century needs made available every soldier,en
516,intelligence failure death ratio means poorly designed incompetently executed operation jawans cannon fodder martyred,en
517,condolences families martyrs sacrificed lives combat chhattisgarh decisive action needs taken locate amp rescue missing jawans appeal state govt ensure best care speedy recovery injured,en
518,celebrating hope new beginnings happy easter,en
519,election commission,fr
520,,hi
521,live interaction ambassador nicholas burns harvard kennedy school,en
522,raiding opposition bjp coping mechanism facing electoral defeat,en
523,ec,hi
524,let good friday reminder power compassion love empathy,en
525,,hi
526,,hi
527,,hi
528,,hi
529,,hi
530,,hi
531,election fight save tamil culture history interests thank tamil nadu encouragement amp support,en
532,,hi
533,india inherent pluralism attack rss bjp blocked socio economic progress rid country divisive hurdle,en
534,,hi
535,election campaign udf correction campaign correct wrongs done ldf pivot change,en
536,,hi
537,,hi
538,rss rss rss,hi
539,attack nuns kerala result vicious propaganda run sangh parivar pitch one community another trample minorities time us nation introspect take corrective steps defeat divisive forces,en
540,,hi
541,rss bjp,hi
542,congress promises right state economies also people rights better wages amp employment building trust amp harmony,en
543,,hi
544,,hi
545,,hi
546,,hi
547,,hi
548,,hi
549,,hi
550,unplanned lockdown disaster continues haunt country condolences lakhs families punished indescribable pain goi incompetence amp myopia,en
551,,hi
552,epf,hi
553,,hi
554,educated youth facing severe joblessness seems goi penalising esp obc sc st candidates real degrees,en
555,live interaction prof ashutosh varshney faculty amp students brown university,en
556,,hi
557,goi privatising profit amp nationalising loss selling psbs modicronies gravely compromises india financial security stand solidarity striking bank employees,en
558,hurts public benefits handful cronies,und
559,warned earlier continues big threat please keep guards wear masks follow precautions,en
560,psu psb pm,hi
561,,hi
562,much wealth increase zero struggle survive makes lakh cr increases wealth tell,en
563,,hi
564,,hi
565,homage rajyogini dadi hridaya mohini ji remembered role inspiring spiritual awakening teachings continue guide across world om shanti,en
566,india longer democratic country,en
567,shows badly goi failed implement manual scavenging act proactive measure must taken ensure indignity fellow citizens collective national conscience,en
568,,hi
569,caged,en
570,,hi
571,lpg,hi
572,indian forces designed fight front war obsolete must prepare borderless war past practices amp legacy systems transforming way think act nation,en
573,iyc rss,hi
574,women capable creating history future formidable grace let anyone stop,en
575,time india seriously considers dedicated cyber command done asap,en
576,msp,hi
577,congratulations well deserved victory th test amp winning test series best wishes world test championship finals,en
578,,hi
579,,hi
580,,hi
581,,hi
582,goi believes media management substitute geopolitical strategy china already made us pay price continuing path disastrous india,en
583,dept ed cbi,hi
584,,hi
585,,hi
586,china mobilized conventional amp cyber forces threaten india goi buckled mark words land depsang gone dbo vulnerable goi cowardice lead tragic consequences future,en
587,live interaction prof kaushik basu university,en
588,bjp manipur mlas disqualified office profit case eci says manipur governor already instructed action taken yet entirely unconstitutional governor protect bjp,en
589,,hi
590,lpg,hi
591,happy birthday dmk president shri mk stalin wishing good health much happiness,en
592,goi turned noble professions like farming education amp healthcare financial commodities benefit cronies fighting without anger hatred violence non violence always wins,en
593,,hi
594,,hi
595,,hi
596,,hi
597,reading tirukkural stunned depth listening ears hear listen understand make gold grain golden grain sand,en
598,psu,hi
599,dear pm fisherfolk need independent dedicated ministry fisheries department within ministry ps hum humare obviously hurt bad,en
600,,hi
601,china understood mr modi buckles pressure know get whatever want,en
602,,hi
603,beautiful truth reveals narendra modi stadium adani end reliance end jay shah presiding,en
604,afraid continue fight non violence bring,en
605,state govt stand buffer zone putting risk livelihoods people around wayanad wildlife sanctuary govt action pushing hardworking people bleak future uncertainty amp suffering corrective action immediately needed,en
606,,hi
607,,hi
608,,hi
609,students amp academics please ask longer allowed speak outside world goi trust,en
610,,ne
611,,hi
612,,hi
613,,hi
614,,hi
615,,hi
616,sad hear demise captain satish sharma love condolences family amp friends miss,en
617,youth india asking pertinent questions goi stop suppressing voices guts amplify,en
618,goi grossly negligent confident covid yet,en
619,,hi
620,th feb pm busy shooting film ignored prior intelligence inputs leaving jawans die pulwama actionable intelligence inputs ignored,en
621,,hi
622,india silenced,hi
623,,hi
624,,hi
625,,hi
626,,hi
627,last years hate normalised much even beloved sport cricket marred india belongs us let dismantle unity,en
628,,hi
629,interaction prof dipesh chakrabarty amp students university chicago institute politics,en
630,goi must explain forces withdrawing dominant positions kailash ranges ceding territory amp withdrawing forward base finger finger china withdrawn territory depsang plains amp gogra hot springs,en
631,heartfelt condolences victims firecracker factory fire virudhunagar tamil nadu heart wrenching think still trapped inside appeal state government provide immediate rescue support amp relief,en
632,,hi
633,live,hi
634,,hi
635,status quo ante peace amp tranquility goi insulting sacrifice jawans amp letting go territory,en
636,crony,hi
637,bjp minister helping china make case india sacked sacking means insulting every indian jawan,en
638,mr modi vikas psus shrunk one tenth country loss crony gain,en
639,india needs non violent warriors fight truth compassion amp harmony central defending idea india come fight india needs,en
640,,hi
641,,hi
642,cowardice runs deep goi,en
643,,hi
644,,hi
645,,hi
646,,hi
647,,hi
648,,hi
649,modi crony centric budget means jawans facing chinese aggression extreme conditions get support india defenders betrayed,en
650,modi crony centric budget means struggling msmes given low interest loans gst relief employers india largest workforce betrayed,en
651,mr modi job elected,en
652,live,hi
653,many dictators names begin marcos mussolini milo evi mubarak mobutu musharraf micombero,und
654,china continues prepare build position forces pm scared even say word china firm action needed avert catastrophe unfortunately mr modi guts,en
655,modi style governance shut cut crush,en
656,goi build bridges walls,en
657,pm,hi
658,china occupied territory amp killed soldiers pm spends diwali pr photo ops increased defence budget,en
659,forget putting cash hands people modi govt plans handover india assets crony capitalist friends,en
660,must support msmes farmers workers generate employment increase healthcare expenditure save lives increase defence expenditure safeguard borders,en
661,meritocracy bjp style,en
662,,hi
663,,hi
664,,hi
665,eyes wide shut injustice meted violation pain,en
666,,hi
667,,hi
668,live,hi
669,pm,hi
670,,hi
671,mr modi governance lesson ruin one world fastest growing economies,en
672,happens pm runs country sole interest crony capitalists,en
673,,hi
674,,hi
675,,hi
676,congratulations team amp nepal thumbs achievement superb attitude,en
677,china expanding occupation indian territory mr said word china months maybe start saying word china,en
678,india strength strong economy employed youth amp social harmony mr modi protected farmers labourers workers instead hollowing india helping crony capitalist friends china guts take land,en
679,,hi
680,gdp,hi
681,outcome modi govt policy crush people hopes amp needs work crony capitalists,en
682,delighted back tamil nadu today spend time tamilian brothers sisters kongu belt together defend amp preserve unique culture tamils attacks modi govt,en
683,,hi
684,news blast stone mining quarry karnataka tragic condolences families victims incidents call depth investigation similar tragedies avoided future,en
685,distressing learn tragic loss lives fire incident serum institute news another fire extremely worrying condolences family deceased request state govt provide necessary help victims amp families,en
686,,hi
687,port kattupalli barrier island illegal modi govt ensuring construction handover country crony capitalist friends continues,en
688,congratulating usa new chapter democracy best wishes president biden vice president harris,en
689,apmc,hi
690,heroic life guru gobind singh ji taught us value sacrifice fight justice farmer brothers sisters continue satyagraha world witnesses live example teachings greetings prakash utsav,en
691,red heart india,und
692,live,hi
693,remember promise,und
694,,hi
695,,hi
696,,hi
697,thank lovely people tamil nadu,en
698,mark words govt take back anti farm laws,en
699,coming celebrate pongal madurai tamil nadu,ta
700,harvest season time joy celebrations happy makar sankranti pongal bihu bhogi uttarayan special prayers amp wishes kisan mazdoors fighting rights powerful forces,en
701,,hi
702,wishes happy lohri everyone special wishes farmer brothers amp sisters sitting far away homes braving bad weather rights,en
703,,hi
704,,hi
705,,hi
706,congratulations women cockpit crew completing air india longest flight san francisco bengaluru north pole made country proud,en
707,,hi
708,gdp much vikas,hi
709,saddened demise shri madhavsinh solanki remembered contribution strengthening congress ideology amp promoting social justice heartfelt condolences family amp friends,en
710,unfortunate incident fire bhandara district general hospital maharashtra extremely tragic condolences families children lost lives appeal maha govt provide every possible assistance families injured amp deceased,en
711,,hi
712,,hi
713,,hi
714,gst,hi
715,modi govt apathy amp arrogance claimed lives farmers instead wiping tears goi busy attacking tear gas brutality promote crony capitalists business interests repeal anti farm laws,en
716,,hi
717,msp,hi
718,,hi
719,,hi
720,new year begins remember lost thank protect sacrifice us heart farmers labourers fighting unjust forces dignity honour happy new year,en
721,,hi
722,mr modi refusing repeal anti farmer laws,en
723,lakh every bank account amp crore jobs every year give days time else win war corona days neither anyone intruded territory took post farmers trust modi ji due long history asatyagraha,en
724,,hi
725,,hi
726,,hi
727,,hi
728,,hi
729,remember someone explained radar indian air force idea bears imprint mind indian army fighting force tourist destination,en
730,merry christmas may festival bring peace amp harmony homes hearts,en
731,,hi
732,india imaginary democracy,en
733,,hi
734,russia important friend india damaging traditional relationships short sighted dangerous future,en
735,lakh people world already received covid vaccinations china us uk russia started india ka number kab ayegaa modi ji,en
736,,hi
737,vora ji true congressman wonderful human miss much love amp condolences family friends,en
738,,hi
739,continuously warning people chinese actions china continues make diligent preparations goi sleeps timely action critical india,en
740,crore covid infections almost lakh deaths unplanned lockdown manage win battle days pm claimed surely destroyed millions lives country,en
741,,hi
742,,hi
743,facebook us says bajrang dal content offensive banned facebook india tells parliamentary panel bajrang dal content offensive facebook lying india parliament,en
744,pm cares chaliye transparency ko vanakkam,et
745,,hi
746,,hi
747,,hi
748,modi govt dissenting students anti nationals concerned citizens urban naxals migrant labourers covid carriers rape victims nobody protesting farmers khalistani crony capitalists best friends,en
749,confirmation bjp rss control facebook india,en
750,,hi
751,best wishes shri sharad pawar birthday,en
752,,hi
753,let salute farmers let rest laurels let pay tribute great tamil poet subramania bharathiar th birth anniversary today withdrawing anti farmer laws,en
754,,hi
755,,hi
756,,hi
757,,hi
758,mr modi reform theft need get rid democracy,en
759,,hi
760,,hi
761,adani ambani farm laws revoked nothing less acceptable,und
762,today remember dr ambedkar contribution nation building working make india free forms discrimination truthful way pay homage,en
763,,hi
764,msp apmc pm,hi
765,,hi
766,today party meeting hope pm clarifies every indian get free covid vaccine pm,und
767,,hi
768,pm everyone get vaccine bjp bihar elections everyone bihar get free vaccine goi never said everyone get vaccine exactly pm stand,en
769,,hi
770,,hi
771,alternative strategic viewpoint goi must take note,en
772,,hi
773,pm,hi
774,campaign,hi
775,,hi
776,,hi
777,bjp rss vision india adivasis dalits access education stopping scholarships sc st students way ends justifying means,en
778,fir,hi
779,pm,hi
780,pm modi india economy officially recession first time ever importantly crore people still looking work mnrega economy ordered grow diktats pm needs first understand basic idea,en
781,pm,hi
782,news fire covid hospital rajkot distressing similar fire broke august ahmedabad government must investigate seriously cases condolences family patients lost lives,en
783,,hi
784,diego legend left us magician showed us football called beautiful game condolences family friends fans gracias argentina,en
785,,hi
786,sad day shri ahmed patel pillar congress party lived breathed congress stood party difficult times tremendous asset miss love condolences faisal mumtaz amp family,en
787,cyclone nivar making presence felt tamil nadu puducherry parts andhra pradesh please follow safety measures appeal congress workers provide assistance need stay indoors stay safe,en
788,chronology samajhiye first karz maafi big companies next huge tax cuts companies give people savings directly banks set companies,en
789,shri tarun gogoi true congress leader devoted life bringing people communities assam together great wise teacher loved respected deeply miss love condolences gaurav amp family,en
790,pm must tell nation covid vaccine candidates goi choose amp get vaccine first amp distribution strategy pmcares fund used ensure free vaccination indians vaccinated,en
791,china geopolitical strategy countered pr driven media strategy simple fact seems elude minds running goi,en
792,modi govt unplanned lockdown pushed millions poverty jeopardised health citizens compromised future students due digital divide bitter truth goi tries cover blatant lies,en
793,,hi
794,,hi
795,psu da,hi
796,,hi
797,,hi
798,gdp,hi
799,,hi
800,,hi
801,gdp,hi
802,,hi
803,,hi
804,,hi
805,wish ahmed patel ji speedy complete recovery earliest party needs able guidance every step way,en
806,sad hear demise dadasaheb phalke awardee shri soumitra chatterjee actor par excellence nation revered years heartfelt condolences family friends fans,en
807,,hi
808,wishing,hi
809,today india celebrates birth anniversary first pm pandit jawaharlal nehru ji towering visionary laid foundation country values brotherhood egalitarianism amp modern outlook endeavour must conserve values,en
810,,hi
811,,hi
812,,hi
813,india entered recession first time history mr modi actions turned india strength weakness,en
814,great grief received news unfortunate demise royal highness prince khalifa bin salman al khalifa prime minister kingdom bahrain deepest condolences hm king bahrain royal family people bahrain,en
815,,hi
816,even though pfizer created promising vaccine logistics making available every indian need worked goi define vaccine distribution strategy reach every indian,en
817,,te
818,,hi
819,,hi
820,,hi
821,pm,hi
822,congratulations vice president elect makes us proud first woman serve vice president usa traces roots india,en
823,congratulations president elect confident unite america provide strong sense direction,en
824,happy birthday thiru strong voice contributed modern tamil culture,en
825,,hi
826,chinese respect strength amp clear strategic action goi approach kowtowing everyone taking india dangerous quagmire,en
827,,hi
828,,hi
829,,hi
830,,hi
831,,hi
832,,hi
833,,hi
834,,hi
835,pm,hi
836,,hi
837,asato sadgamaya tamaso jyotirgamaya tyor ta gamaya false truth darkness light death life thank dadi showing means live words,en
838,pm,hi
839,occasion may spirit kindness brotherhood guide one heartiest wishes,en
840,youtube,hi
841,,hi
842,,hi
843,,hi
844,,pa
845,happened punjab yesterday sad punjab feeling anger towards pm dangerous precedent bad country pm reach listen give healing touch quickly,en
846,speaking ramettan informative evoked memories grandmother indira ji ramettan testimony grandmother indira ji taught child,en
847,deep inside mr bhagwat knows truth scared face truth china taken land goi amp rss allowed,en
848,,hi
849,,hi
850,unlike governments punjab rajasthan denying girl raped threatening family blocking course justice go fight justice,en
851,pm teaches india run truth millions people lost dignity livelihoods result,en
852,,hi
853,,hi
854,,hi
855,goi announced india covid access strategy kindly refer state wise election schedule know get along hoard false promises,en
856,,hi
857,india continues suffer modi made disasters stories starvation deaths especially children heartbreaking goi allow godowns overflowing excess food,en
858,pm,hi
859,dear pm pm address please tell nation date throw chinese indian territory thank,en
860,reviewed covid management constituency state central governments playing blame game covid spreading rapidly critical stops everyone focuses defeating covid,en
861,completely destroy economy infect maximum number people really quickly,en
862,started going,und
863,best wishes navratri,hi
864,,hi
865,,hi
866,another solid achievement bjp government even pakistan afghanistan handled covid better india,en
867,leaders divided internally let countries become battlegrounds dominant powers time people paid leaders actions blood tears,en
868,anyone guess common countries pakistan iraq korea vietnam syria afghanistan,en
869,pmcares conceal truth,en
870,solid achievement years bjp hate filled cultural nationalism bangladesh set overtake india clapping hands clapping hands,en
871,,hi
872,,hi
873,,hi
874,centre promises gst revenue states economy shattered pm amp covid pm gives lakh crs tax cuts corporates buys planes crs centre money pay states fm tells states borrow cm mortgaging future modi,en
875,case study react pandemic,en
876,shameful truth many indians consider dalits muslims tribals human cm amp police say one raped many indians one,en
877,pm,hi
878,real danger india pm understand fact nobody around guts tell,en
879,,hi
880,pm pm,hi
881,,hi
882,agree life purpose bring people faiths together land,en
883,pm,hi
884,stopped us bridge haryana border moving happy wait hour hours hours hours hours hours,en
885,watch live press conference media farms laws,en
886,,hi
887,clp,hi
888,filthy rss male chauvinist mentality work men raping women need taught good values,en
889,,hi
890,,hi
891,,hi
892,,hi
893,,hi
894,,hi
895,,hi
896,,hi
897,,hi
898,,hi
899,,hi
900,,hi
901,,hi
902,,hi
903,,hi
904,agriculture laws death sentence farmers voice crushed parliament outside proof democracy india dead,en
905,,hi
906,,hi
907,campaign,hi
908,india feels absence pm depth dr manmohan singh honesty decency dedication source inspiration us wishing happy birthday lovely year ahead,en
909,,hi
910,heartfelt condolences bereaved family friends mr p balasubrahmanyam songs touched millions hearts many languages voice live,en
911,gst msmes,hi
912,flawed gst destroyed msmes new agriculture laws enslave farmers,en
913,pr,hi
914,,hi
915,,hi
916,mr modi destroyed web relationships congress built nurtured several decades living neighbourhood friends dangerous,en
917,msp,hi
918,,hi
919,muting democratic india continues initially silencing later suspending mps parliament amp turning blind eye farmers concerns black agriculture laws omniscient govt endless arrogance brought economic disaster entire country,en
920,,hi
921,apmc msp msp,hi
922,,hi
923,,hi
924,gst,hi
925,,hi
926,,hi
927,massive unemployment forced youth call today employment dignity long govt deny,und
928,wishing pm narendra modi ji happy birthday,en
929,understand chronology small blue diamond pm said one crossed border small blue diamond took huge loan china based bank small blue diamond def min said china occupied land small blue diamond mos home says infiltration modi govt indian army china modi ji scared,en
930,chronology small blue diamond pm small blue diamond small blue diamond small blue diamond,hi
931,black small square black small square black small square black small square black small square black small square,hi
932,,hi
933,known us confirmed founding aap member iac movement amp aap propped rss bjp subvert democracy bring upa government,en
934,,hi
935,msp,hi
936,pm,hi
937,folded hands,hi
938,best wishes students appearing neet exam sympathies take due covid pandemic floods wish modi ji concerned jee neet aspirants amp students crony capitalist friends,en
939,one india biggest employers wait see mode since covid cases rising hope job creation amp safe future youth anytime soon yet another outcome modi govt sudden amp unplanned lockdown snowballed india already precarious economy,en
940,gdp goi,hi
941,modi govt well planned fight covid put india abyss historic gdp reduction crore jobs lost lac crores additional stressed loans globally highest daily covid cases amp deaths goi amp media sab changa si,en
942,,hi
943,talk china restoration status quo ante march pm amp goi refuse take responsibility pushing china land talk worthless,en
944,chinese taken land exactly goi planning get back also going left act god,en
945,india like ship travelling ocean captain staring rear view mirror history going nowhere really fast long ship runs aground,en
946,,hi
947,policies modi govt caused loss crores jobs historic fall gdp crushed future india youth let make govt listen voice join onwards,en
948,,hi
949,due modi govt gross mismanagement covid india total cases world nd highest india weekend tally higher us amp brazil put together sunday india share total cases worldwide flattening curve stay safe everyone,en
950,lic,hi
951,psus stop privatisation save govt jobs,hi
952,gdp,hi
953,gdp gst black small square black small square black small square gst,hi
954,dislike thumbs comment speech balloon,hi
955,minimum govt maximum privatisation,hi
956,entire universe teacher willing learn,en
957,small blue diamond small blue diamond small blue diamond small blue diamond small blue diamond,hi
958,,hi
959,gdp,hi
960,,hi
961,india reeling modi made disasters historic gdp reduction highest unemployment yrs crs job loss centre paying states gst dues globally highest covid daily cases deaths external aggression borders,en
962,modi govt jeopardising india future arrogance making ignore genuine concerns jee neet aspirants well demands took ssc exams give jobs empty slogans,en
963,gdp,hi
964,international media fully exposed facebook amp whatsapp brazen assault india democracy amp social harmony one let alone foreign company allowed interfere nation affairs must investigated immediately amp found guilty punished,en
965,gdp reduces worst independent india history unfortunately govt ignored warnings gdp,und
966,great sadness nation receives news unfortunate demise former president shri pranab mukherjee join country paying homage deepest condolences bereaved family friends,en
967,,hi
968,may festival onam usher good health happiness prosperity everyone,ml
969,congratulations indian team winning online fide chess olympiad made country proud congrats russian team,en
970,watch video series modi govt destroyed indian economy first video tomorrow social media channels,und
971,jee neet aspirants wanted pm pariksha pe charcha pm khilone pe charcha,en
972,best indian team online chess olympiad matter great pride finals first time ever go win billion hearts rooting,en
973,whatsapp bjp whatsapp whatsapp bjp whatsapp,hi
974,america time magazine exposes whatsapp bjp nexus used cr indians whatsapp also wants used making payments modi govt approval needed thus bjp hold whatsapp,en
975,news kanyakumari mp shri h vasanthakumar untimely demise due covid come shock commitment congress ideology serving people remain hearts forever heartfelt condolences friends family members,en
976,india economy destroyed three actions demonetisation flawed gst failed lockdown anything else lie,en
977,neet jee aspirants safety compromised due failures govt govt must listen stakeholders arrive consensus,en
978,unite voice lakhs suffering students onwards let make govt listen students,und
979,tax cut benefit given big businesses interest waiver loans middle class,und
980,fair inclusive covid vaccine access strategy place still signs goi unpreparedness alarming,en
981,neet jee covid,hi
982,neet jee aspirants worried health amp future genuine concerns fear covid infection transport amp lodging pandemic flood mayhem assam amp bihar goi must listen stakeholders amp find acceptable solution,en
983,rbi,hi
984,rbi confirmed warning months govt needs spend lend give money poor tax cuts industrialists restart economy consumption distractions media help poor make economic disaster disappear,en
985,,hi
986,,hi
987,,hi
988,neet jee goi must listen neet jee exams arrive acceptable solution,und
989,,hi
990,money stolen indian exchequer rafale truth one paths many mahatma gandhi,en
991,,hi
992,economic slump unemployment chinese aggression ail country goi let spend taxpayers money image correction,en
993,msmes,hi
994,helping transform life tribal communities living remote areas lok sabha constituency wayanad providing medical care door step salute doctors amp healthcare workers whose selfless service saves lives,en
995,rajiv gandhi man tremendous vision far ahead times else compassionate loving human incredibly lucky proud father miss today everyday,en
996,nfsa,hi
997,,hi
998,,hi
999,allow manipulation hard earned democracy bias fake news amp hate speech exposed facebook involvement peddling fake hate news needs questioned indians,en
1000,,hi
1001,pmcares right improbity,en
1002,,hi
1003,rss,hi
1004,bjp amp rss control facebook amp whatsapp india spread fake news hatred use influence electorate finally american media come truth facebook,en
1005,,hi
1006,everybody believes capability valour indian army except pm whose cowardice allowed china take land whose lies ensure keep,en
1007,,hi
1008,,hi
1009,alternative coexistence codestruction jawaharlal nehru best wishes independence day india india india,en
1010,,hi
1011,goi scared face chinese intentions ladakh evidence ground indicates china preparing positioning pm personal lack courage media silence result india paying huge price,en
1012,india one covid vaccine producing nations needs clearly defined inclusive amp equitable vaccine access strategy ensuring availability affordability amp fair distribution goi must,en
1013,corona curve frightening flattening pm,und
1014,nature protects protected goi must stop dismantling india environmental regulations essential first step withdraw draft eia notification,en
1015,,hi
1016,,hi
1017,,hi
1018,,hi
1019,mgnrega nyay,hi
1020,wishing former president shri pranab mukherjee speedy recovery,en
1021,corona,hi
1022,eia eia draft must withdrawn stop environmental destruction,hi
1023,,hi
1024,,hi
1025,,hi
1026,,hi
1027,,hi
1028,,hi
1029,shocked devastating news plane mishap kozhikode deepest condolences friends family died accident prayers speedy recovery injured,en
1030,watch virtual rally congress workers amp leaders bihar,en
1031,condolences families lost lives landslide munnar kerala request state govt bring trapped safety urge congress workers assist rescue relief work,en
1032,rbi reveals real mood nation people confidence time low fear insecurity time high expect bad news economy jobs front,en
1033,,hi
1034,,hi
1035,forget standing china india pm lacks courage even name denying china territory removing documents websites change facts,en
1036,,hi
1037,pm lying,en
1038,,hi
1039,people trust amp confidence economy evaporated pm amp team neither understanding tools ability fix problem question time every indian forced understand,en
1040,right decisions right time means india better countries pm,en
1041,wishing every one happy,und
1042,wishing mr amit shah speedy recovery,en
1043,india democracy damaged goi illegally detains political leaders high time mehbooba mufti released,en
1044,saddened hear sad demise amar singh ji condolences family loved ones,und
1045,greetings eid al adha,und
1046,,hi
1047,watch conversation founder grameen bank nobel peace prize winner prof muhammad yunus youtube channel youtube,und
1048,youtube,hi
1049,watch youtube channel tomorrow latest video conversation founder grameen bank nobel peace prize winner prof muhammad yunus,en
1050,illegal detention political leaders absolutely basis damages fabric nation mr soz must released,en
1051,gst,hi
1052,love support family friends somen mitra difficult time remember love fondness respect,en
1053,iaf hal,hi
1054,congratulations iaf rafale meanwhile goi answer aircraft costs crores instead crores aircraft bought instead bankrupt anil given crores contract instead hal,en
1055,,hi
1056,efforts clean banking system cost job pm want go wilful defaulters,en
1057,chinese occupied indian land hiding truth allowing take anti national bringing people attention patriotic,en
1058,goi operating strategy hand country wealth crony capitalists bleed psu making financially unviable get crony capitalists media campaign saying uncompetitive sell crony capitalists pittance,en
1059,,hi
1060,,hi
1061,,hi
1062,good idea suggested time back implementation need complete change mindset,en
1063,,hi
1064,,hi
1065,covid,hi
1066,kept warning covid economy rubbished disaster followed keep warning china rubbishing,en
1067,pm focused building image india captured institutions busy task one man image substitute national vision,en
1068,,hi
1069,,hi
1070,mp,hi
1071,pm fabricated fake strongman image come power biggest strength india biggest weakness,en
1072,,hi
1073,covid gdp,hi
1074,bjp institutionalised lies covid restricting testing misreporting deaths gdp using new calculation method chinese aggression frightening media illusion break soon india pay price,en
1075,china taken land goi behaving like chamberlain embolden china india going pay huge price goi cowardly actions,en
1076,amount hate ever deface giant,ta
1077,,hi
1078,since pm constant blunders indiscretions fundamentally weakened india left us vulnerable empty words suffice world geopolitics,en
1079,,hi
1080,,hi
1081,,hi
1082,india global strategy tatters losing power respect everywhere goi idea,en
1083,,hi
1084,want make current affairs history crisis clear accessible interested truth tomorrow sharing thoughts video,en
1085,today large part indian news media captured fascist interests hate filled narrative spread television channels whatsapp forwards false news narrative lies tearing india apart,en
1086,lying asleep india paying,en
1087,india good position battle,en
1088,,hi
1089,,hi
1090,pm scared disclosing names donated money pmcares everyone knows chinese companies huawei xiaomi tiktok oneplus gave money share details,en
1091,,mr
1092,goi must listen veterans inform india steps taken ensure indian territory taken china allow independent fact finding mission identify incursion intrusion encroachment china,en
1093,,hi
1094,extremely unfair conduct exams covid pandemic ugc must hear voice students academics exams cancelled students promoted basis past performance,en
1095,campaign,und
1096,,hi
1097,,hi
1098,mr modi believes world like thinks every one price intimidated never understand fight truth price intimidated,en
1099,small amp medium enterprises stand destroyed large companies severe stress banks distress stated months ago economic tsunami coming ridiculed bjp media warning country truth,en
1100,india economic mismanagement tragedy going destroy millions families longer accepted silently,en
1101,national interest paramount goi duty protect status quo ante insisted china allowed justify murder unarmed jawans territory mention territorial sovereignty galwan valley,en
1102,future hbs case studies failure covid demonetisation gst implementation,en
1103,opacity putting indian lives risk ensuring public money used buy sub standard products,en
1104,,hi
1105,patriotic ladakhis raising voice chinese intrusion screaming warning ignoring warning cost india dearly india sake please listen,en
1106,affirmative action vital social justice strongly support congress president demand extend reservation obcs india quota medical dental seats state ut govt medical education institutions also,en
1107,ladakhis say china took land pm says nobody took land obviously someone lying,en
1108,,hi
1109,america benefited enormously embracing india vast talent pool h b program suspension impact millions indians us firms revoked,en
1110,,hi
1111,watch conversation nurses covid crisis,en
1112,immensely grateful dedicated professionals inspire hope times today watch dedicated nurses conversation covid crisis react,en
1113,tomorrow onwards across social media platforms watch conversation indian nurses around world frontline battle,en
1114,,hi
1115,pm,hi
1116,facts lie bjp says make india bjp buy china,en
1117,,hi
1118,campaign,und
1119,,hi
1120,,hi
1121,locusts destroyed crops haryana rajasthan punjab mp gujarat maharashtra goi must provide support states farmers suffered menace,en
1122,covid spreading rapidly new parts country goi plan defeat pm silent surrendered refusing fight pandemic,en
1123,police brutality terrible crime tragedy protectors turn oppressors offer condolences family victims appeal government ensure,en
1124,,hi
1125,,hi
1126,,hi
1127,china took land india negotiating get back china says indian land pm publicly supported china claim pm backing china india army,en
1128,,hi
1129,china killed soldiers china took land china praising mr modi conflict,en
1130,pm,hi
1131,,hi
1132,,hi
1133,narendra modi actually surender modi,en
1134,pm surrendered indian territory chinese aggression land chinese soldiers killed killed,en
1135,sad see senior goi ministers reduced lying order protect pm insult martyrs lies,en
1136,crystal clear chinese attack galwan pre planned goi fast asleep denied problem price paid martyred jawans,en
1137,,hi
1138,dare china kill unarmed soldiers soldiers sent unarmed martyrdom,en
1139,painful insult indian army naming china tweet take days condole address rallies soldiers martyred hide get army blamed crony media make paid media blame army instead goi,en
1140,,hi
1141,pm silent hiding enough enough need know happened dare china kill soldiers dare take land,en
1142,words describe pain feel officers men sacrificed lives country condolences loved ones stand difficult time,en
1143,pm modi tragic times dictate putting money directly hands middle class poor stop profiteering misery,en
1144,covid mortality rate gujarat maharashtra rajasthan punjab puducherry jharkhand chhattisgarh gujarat model exposed,en
1145,middle class poor pay gifts crony capitalists get,en
1146,lock proves thing dangerous ignorance arrogance albert einstein,en
1147,sorry hear passing young amp talented actor gone soon condolences family friends amp fans across world,en
1148,goi inject cash start economy poor decimated middle class become new poor crony capitalists entire country,en
1149,insanity thing expecting different results anonymous,en
1150,india firmly way winning wrong race horrific tragedy resulting lethal blend arrogance incompetence,en
1151,watch conversation ambassador nicholas burnson covid crisis,en
1152,today onwards watch discuss ambassador nicholas burns professor diplomacy amp international relations harvard covid crisis reshaping world order,en
1153,tomorrow friday th june onwards join conversation ambassador nicholas burns covid crisis reshaping world order across social media platforms,en
1154,chinese walked taken territory ladakh meanwhile pm absolutely silent vanished scene,en
1155,millions sisters brothers like ajay share pain everything protect overcome together,en
1156,rm done commenting hand symbol answer chinese occupied indian territory ladakh,en
1157,condolences family friends ajay pandita sacrificed life democratic process kashmir stand time grief violence never win,en
1158,media muzzled terrified truth seems dormant flows blood every single indian army officer soldier know exactly happening ladakh,en
1159,rt plea govt time national crisis time play politics bjp vs congress issue,en
1160,,hi
1161,govt actively destroying economy refusing give cash support people msmes demon,en
1162,failed lockdown looks like,en
1163,patriots must read general panag article,en
1164,,hi
1165,youtube,hi
1166,watch conversation mr rajiv bajaj covid crisis,en
1167,today onwards watch discuss mr rajiv bajaj md bajaj auto impact lockdown means indian economy,en
1168,tomorrow thursday th june onwards join conversation mr rajiv bajaj covid crisis across social media platforms,en
1169,thank rahul dubey opening heart home weak oppressed,en
1170,goi please confirm chinese soldiers entered india,en
1171,,hi
1172,crore indian employed msmes closing permanently criminal goi give cash support immediately,en
1173,moody rated modi handling india economy step junk lack support poor msme sector means worst yet come,en
1174,upcc,hi
1175,violence video isolated expression many indian women always faced violence comes many forms amp sustained culture glorifies symbols womanhood simultaneously treating women total contempt amp disrespect,en
1176,greetings amp best wishes people goa statehood day historic day leadership pm shri rajiv gandhi goa became state republic india,en
1177,sorry hear passing shri ajit jogi former parliamentarian amp chhattisgarh first cm condolences family friends amp followers time grief may rest peace,en
1178,government silence border situation china fueling massive speculation uncertainty time crisis goi must come clean tell india exactly happening,en
1179,sorry hear passing author amp managing director mathrubhumi group p veerendra kumar ji condolences family colleagues amp friends time grief,en
1180,time every indian stand together amp speak one voice brothers amp sisters struggling survival whose voice silenced despair amp fearful india together make difference,en
1181,,hi
1182,view complete conversation global public health experts prof ashish jha amp prof johan giesecke nature covid virus amp global health implications click link short clip video,en
1183,pandit jawaharlal nehru ji brave freedom fighter architect modern india amp first pm visionary immortalised world class institutions inspired stood test time death anniversary tribute great son india,en
1184,today onwards watch conversation crisis two brilliant global health experts prof ashish jha harvard amp prof johan giesecke karolinska institute sweden available social media platforms,en
1185,watch video see paid media distorts truth serve masters distract attention real issues,en
1186,pm corona,hi
1187,watch live video press conference covid crisis lockdown amp related issues,en
1188,eid mubarak every one,en
1189,,hi
1190,watch short film speak india real nation builders migrant brothers amp sisters,en
1191,playing youtube channel conversation india unsung heroes migrant brothers amp sisters suffered tremendous hardship violence amp injustice past weeks subscribe youtube channel watch latest videos,en
1192,youtube,hi
1193,days ago met group migrants walking hundreds km work site haryana village near jhansi tomorrow onwards watch incredible story grit determination amp survival youtube channel,en
1194,sorry hear air crash pakistan many lives lost news survivors ray hope amp pray many miraculous stories survival tonight deepest condolences families perished,en
1195,widespread devastation caused west bengal amp odisha disturbing condolences families perished amp pray injured make speedy recovery offer support brave people two states time crisis,en
1196,memory beloved father shri rajiv gandhi martyred day wonderful father gentle kind compassionate amp patient miss always stay alive heart amp wonderful memories,en
1197,live launch rajiv gandhi kisan nyay yojana chhattisgarh,hi
1198,,hi
1199,,hi
1200,upa mnrega mnrega,hi
1201,best wishes shri h deve gowda ji birthday pray blessed good health happiness always,en
1202,live regional electronic media press conference,en
1203,live twitter youtube youtube,hi
1204,taking questions electronic regional news media noon today watch press conference live right twitter youtube channel youtube please press bell icon subscribe channel,en
1205,,hi
1206,geniuses niti aayog done like remind graph predicting govt national lockdown strategy would ensure fresh covid cases tomorrow may th,en
1207,,hi
1208,,hi
1209,across india nurses working tirelessly around clock help save lives unsung heroes first line defence covid virus thank amp salute amp every one hard work amp dedication,en
1210,,hi
1211,fund received huge contributions psus amp major public utilities like railways important pm ensures fund audited amp record money received spent available public,en
1212,,hi
1213,addressing video press conference taking live questions covid economic crisis find please join right live,en
1214,,hi
1215,best wishes amp greetings amp every one joyous occasion buddha purnima,und
1216,shocked hear urge congress workers amp leaders area provide necessary support amp assistance affected condolences families perished pray hospitalised make speedy recovery,en
1217,congratulate security forces bringing terrorist riyaz naikoo justice killing innocent people terrorists must never go unpunished,en
1218,,hi
1219,tackling virus think terms zones reopening economy think terms supply chains,en
1220,congratulations indian photojournalists dar yasin mukhtar khan channi anand winning pulitzer prize powerful images life jammu amp kashmir make us proud,en
1221,conversation nobel laureate abhijit banerjee economic impact covid crisis,en
1222,subscribe youtube,hi
1223,tomorrow tune watch conversation nobel laureate abhijit banerjee dealing economic fall crisis join conversation amp regular video updates subscribe youtube channel,en
1224,,hi
1225,arogya setu app sophisticated surveillance system outsourced pvt operator institutional oversight raising serious data security amp privacy concerns technology help keep us safe fear must leveraged track citizens without consent,en
1226,,hi
1227,,hi
1228,,hi
1229,terrible week indian cinema passing another legend actor rishi kapoor wonderful actor huge fan following across generations greatly missed condolences family friends amp fans world time grief,en
1230,conversation dr raghuram rajan former rbi governor dealing crisis,en
1231,today watch conversation dr raghuram rajan former rbi governor dealing crisis amp new vision india twitter facebook amp youtube platforms first series conversations global amp indian thought leaders,en
1232,dismayed unfollowing president amp pm white house urge ministry external affairs take note,en
1233,sorry hear passing irrfan khan versatile amp talented actor popular indian brand ambassador global film amp tv stage greatly missed condolences family friends amp fans time grief,en
1234,rbi,hi
1235,human would try amp profiteer immeasurable suffering millions brothers amp sisters beyond belief amp comprehension scam insult every indian urge pm act swiftly bring corrupt justice,en
1236,pm,hi
1237,,hi
1238,experts agree mass random testing key beating corona india bottle neck stopping us scaling testing current per day lakh tests day test kits already stock pm needs act fast amp clear bottleneck,en
1239,tribute great poet statesman philosopher amp saint basavanna jayanti,en
1240,proud sisters mahila congress across india working great sincerity dedication reach need help support short video highlights work salute,en
1241,fishermen ap stranded gujarat confined tiny fishing trawlers month unhygienic conditions limited food amp water appeal govt move brothers relief camps ensure well,en
1242,ramzan mubarak every one wish peace good health month ramadan,en
1243,da,hi
1244,,hi
1245,,hi
1246,indian youth congress stepped time crisis help need distributing food masks essential supplies brothers amp sisters distress salute iyc leaders amp workers across india dedication amp selfless service,en
1247,covid msme,hi
1248,devastated micro small amp medium businesses msme congress party needs help send us suggestions amp ideas msme economic stimulus package cover social media platforms,en
1249,,hi
1250,,hi
1251,gst gst,hi
1252,thank govt taking note warning amending fdi norms make mandatory govt approval specific cases,en
1253,pandemic huge challenge also opportunity need mobilise huge pool scientists engineers amp data experts work innovative solutions needed crisis,en
1254,,hi
1255,pm live live facebook twitter,hi
1256,address live video press conference pm today crisis amp related issues watch live facebook twitter,en
1257,pds,hi
1258,crisis amp shutting businesses middle east left thousands indian workers deep distress amp desperate return home govt must organise flights bring home brothers amp sisters need assistance quarantine plans place,en
1259,,hi
1260,india delayed purchase testing kits amp critically short tests per million indians company laos niger amp honduras mass testing key fighting virus present nowhere game,en
1261,tributes great social reformer amp chief architect constitution babasaheb bhimrao ambedkar ji jayanti,und
1262,,hi
1263,one size fit lockdown brought untold misery amp suffering millions farmers migrant labourers daily wagers amp business owners needs smart upgrade using mass testing isolate virus hotspots amp allowing businesses areas gradually reopen,en
1264,,hi
1265,sorry hear passing shri v rajasekharan ji veteran congress leader amp former union minister expert rural development contribution karnataka amp nation immense condolences family amp supporters time grief,en
1266,tribute martyrs jallianwala bagh massacre day sacrifice never forgotten,und
1267,massive economic slowdown weakened many indian corporates making attractive targets takeovers govt must allow foreign interests take control indian corporate time national crisis,en
1268,best wishes greetings joyous occasion easter,en
1269,,hi
1270,good friday may blessed peace compassion fellow beings spirit self sacrifice,en
1271,,hi
1272,,hi
1273,,hi
1274,friendship retaliation india must help nations hour need lifesaving medicines made available indians ample quantities first,en
1275,,hi
1276,opportunity india unite one people putting aside differences religion caste amp class forge one common purpose defeat deadly virus compassion empathy amp self sacrifice central idea together win battle,en
1277,,hi
1278,,hi
1279,india simply testing enough fight virus making people clap amp shining torches sky going solve problem,en
1280,congress cwc meeting today emphasised urgent need devise india specific strategy combat amp congress workers amp leaders help soften blow assisting poor amp vulnerable sections society every possible way,en
1281,best wishes amp greetings amp every one ram navmi,und
1282,,hi
1283,earlier today wrote letter pm coronavirus crisis offered complete support dealing extraordinary situation also shared concerns ongoing lockdown letter forwarded tweet,en
1284,work amp facing uncertain future millions brothers amp sisters across india struggling find way back home shameful allowed indian citizen treated way amp govt contingency plans place exodus,en
1285,,hi
1286,,hi
1287,lockdown devastate poor amp weak deliver heavy blow india love india black amp white decisions carefully thought nuanced amp compassionate approach required deal crisis still late,en
1288,govt announcement today financial assistance package first step right direction india owes debt farmers daily wage earners labourers women amp elderly bearing brunt ongoing lockdown,en
1289,shocked news terror attack gurudwara kabul afghanistan people died condolences families lost lives pray injured make speedy recovery,en
1290,direct b,hi
1291,covid b icu,hi
1292,,hi
1293,happy ugadi gudi padva amp sajibu cheiraoba everyone difficult times pass stay safe,und
1294,feeling sad completely avoidable time prepare taken threat much seriously much better prepared,en
1295,,hi
1296,,hi
1297,,hi
1298,sledgehammer blow brittle economy small amp medium businesses amp daily wage earners worst hit clapping help massive economic package includes direct cash transfers tax breaks amp moratorium loan repayments,en
1299,,hi
1300,quick aggressive action answer tackling india going pay extremely heavy price governments inability act decisively,en
1301,people tamil nadu disrespected parliament today speaker refused allow supplementary question language strongly protest injustice done tamil people amp disregard established practises amp traditions parliament,en
1302,,hi
1303,days ago requested pass benefit global oil price crash indian consumers slashing prices petrol amp diesel india instead heeding advice genius gone hiked fuel,en
1304,keep repeating huge problem ignoring problem non solution indian economy destroyed strong action taken government stupor,en
1305,rt two powerful warriors patience time leo tolstoy,en
1306,hey busy destabilising elected congress govt may missed noticing crash global oil prices could please pass benefit indians slashing prices per litre help boost stalled economy,en
1307,best wishes ji birthday wish good health happiness always,en
1308,happy holi amp every one,hi
1309,sorry hear passing former governor amp law minister shri hansraj bhardwaj long years dedicated service congress party always remembered condolences friends family time grief om shanti folded hands,en
1310,strength meant moral power woman immeasurably man superior mahatma gandhi women india may grow strength strength,en
1311,yes bank modi ideas destroyed india economy,en
1312,health minister saying indian govt crisis control like capt titanic telling passengers panic ship unsinkable time govt made public action plan backed solid resources tackle crisis,en
1313,sad see hatred love strength hate weakness india act hatred way,en
1314,dear quit wasting india time playing clown social media accounts india facing emergency focus attention every indian taking corona virus challenge done,en
1315,moments life every nation leaders tested true leader would completely focused averting massive crisis unleashed virus india economy,en
1316,give hatred social media accounts,en
1317,,hi
1318,best wishes birthday may blessed good health happiness always,en
1319,remembering brave judge loya transferred,en
1320,violence today delhi disturbing amp must unequivocally condemned peaceful protests sign healthy democracy violence never justified urge citizens delhi show restraint compassion amp understanding matter provocation,en
1321,,hi
1322,recent video two young dalit men brutally tortured nagaur rajasthan horrific amp sickening urge state government take immediate action bring perpetrators shocking crime justice,en
1323,,hi
1324,govt disrespected every indian woman arguing sc women army officers deserve command posts permanent service inferior men congratulate india women standing amp proving bjp govt wrong,en
1325,today remember crpf martyrs let us ask benefitted attack outcome inquiry attack bjp govt yet held accountable security lapses allowed attack,en
1326,agree members bjp protest astronomical rs price hike lpg cylinders,en
1327,corona virus extremely serious threat people economy sense government taking threat seriously timely action critical,en
1328,best wishes amp congratulations mr kejriwal aap winning delhi assembly elections,en
1329,bjp sc,hi
1330,,hi
1331,delegation congress party leaders met h e mahinda rajapaksa pm sri lanka delhi yesterday friendly amp cordial discussion wide range issues including ways strengthen relationship two countries,en
1332,orchestrated ruckus parliament today designed prevent questioning govt youth india clearly see pm clue tackle unemployment crisis protect bjp keep disrupting parliament preventing debate,en
1333,dear pm economy imploded amp must racking brains avoid blame use useless budget presented clueless nirmala ji sack amp dump entire blame problem solved,en
1334,,hi
1335,,hi
1336,,hi
1337,dear pm please try magical exercise routine times never know might start economy,en
1338,youth want jobs instead got longest budget speech parliamentary history said absolutely nothing consequence pm amp fm looked like absolutely clue next,en
1339,china coronavirus killed hundreds people thoughts families victims amp millions forced quarantine prevent spread virus may find courage amp strength persevere terrible ordeal,en
1340,teach violence believe teach bow heads anyone even cost life mahatma gandhi,en
1341,ban imposed airlines act coward leveraging influence govt silence critic use news cameras x tools propaganda show spine camera turned,en
1342,modi amp dream team economic advisors literally turned economy around earlier gdp inflation gdp inflation pm amp fm absolutely idea next,en
1343,,hi
1344,delegation congress leaders presented nhrc evidence atrocities citizens state govt gone war people nhrc must act decisively protect idea india amp constitutional rights citizens,en
1345,,hi
1346,best wishes amp every indian republic day,und
1347,anyone opposes mosh agenda hate urban naxal bhima koregaon symbol resistance government nia stooges never erase,en
1348,tributes great freedom fighter amp patriot netaji subhas chandra bose rd birth anniversary,en
1349,crores honest people invest lic trust modi govt risking future damaging lic amp destroying trust public short sighted actions create panic amp catastrophic consequences,en
1350,modi extracts wealth india poor amp gives crony capitalist friends amp big power brokers dependent india super rich times wealth billion india poor,en
1351,passing shri shamsher singh surjewala lost popular amp respected congressman worked tirelessly service india farmers amp development haryana condolences family amp friends om shanti,en
1352,best way silence terrorist dsp davinder hand case nia nia headed another modi yk investigated gujarat riots amp haren pandya assassination yk care case good dead,en
1353,dsp davinder singh sheltered terrorists india blood hands home amp caught ferrying delhi must tried fast track court within months amp guilty given harshest possible sentence treason india,en
1354,,hi
1355,wishing happy magh bihu,en
1356,wishing happy,hi
1357,wishing happy pongal,en
1358,gdp,hi
1359,best wishes every one auspicious occasion,und
1360,leaders like minded parties met delhi today take stock political situation country evolve common plan action effectively oppose anti people policies modi govt short video excerpt statement meeting,en
1361,happy lohri amp every one,hi
1362,sorry hear demise majesty sultan qaboos oman condolences family people oman mourning loss beloved leader,en
1363,,hi
1364,modi extensive budget consultation ever reserved crony capitalist friends amp super rich interest views voices farmers students youth women govt amp psu employees small businessmen middle class tax payers,en
1365,modi shah govt anti people anti labour policies created catastrophic unemployment amp weakening psus justify sale modi crony capitalist friends today crore india workers called protest salute,en
1366,brutal attack jnu students amp teachers masked thugs left many seriously injured shocking fascists control nation afraid voices brave students today violence jnu reflection fear,en
1367,best wishes mamata banerjee ji birthday wishing good health amp happiness always,en
1368,attack nankana sahab reprehensible amp must condemned unequivocally bigotry dangerous age old poison knows borders love mutual respect understanding known antidote,en
1369,,hi
1370,,hi
1371,happy new year every one wonderful year,en
